gender,race,age,pes1,pes2,pes3,pes4,pes5,pes6,pes7,pes8,pes9,dom1,dom2,dom3,dom4,dom5,dom6,dom7,dom8,prest1,prest2,prest3,prest4,prest5,prest6,prest7,prest8,prest9,benign1,benign2,benign3,benign4,malicious1,malicious2,malicious3,malicious4,pain1,pain2,pain3,Cond,mc,coder1,coder2,id
female,White,2,5,5,3,3,5,5,5,5,3,5,3,3,5,3,3,3,3,5,3,5,3,5,5,5,5,3,6,6,6,5,5,5,1,2,5,5,3,Entitlement,hubristic pride,0,0,1
male,White,3,5,4,5,5,5,4,5,5,4,5,5,4,6,5,5,5,5,6,5,4,5,5,5,6,6,5,6,5,6,5,6,5,5,6,6,6,5,Entitlement,neither,0,0,2
male,White,2,5,6,3,5,3,6,6,6,5,2,5,2,6,6,5,5,2,5,6,6,5,6,6,6,6,5,5,5,5,5,2,2,2,2,2,5,3,Entitlement,authentic pride,0,0,3
male,Black or African American,3,1,4,3,3,7,3,3,3,1,1,1,1,1,5,1,6,1,4,4,5,5,3,5,5,5,3,5,7,5,7,1,1,1,1,3,1,1,Control,authentic pride,0,0,4
female,White,2,5,7,5,6,5,6,6,5,5,7,6,6,6,3,6,1,3,5,3,6,3,7,6,5,7,3,1,7,7,3,3,6,7,6,6,3,3,Control,hubristic pride,1,0,5
male,Other,2,3,5,1,5,6,4,5,5,3,3,5,5,5,6,2,3,5,4,7,6,7,5,6,6,6,7,5,7,6,6,1,1,1,1,5,3,3,Control,authentic pride,0,0,6
male,White,3,3,5,1,3,7,5,7,6,2,2,1,1,5,7,1,6,1,5,6,5,5,5,6,6,6,5,4,6,5,2,2,5,2,5,5,5,6,Entitlement,hubristic pride,0,0,7
male,White,1,3,7,3,3,6,4,3,3,1,5,5,1,7,4,2,3,2,4,3,4,2,3,6,5,6,3,4,6,2,4,1,3,1,2,4,5,2,Control,authentic pride,0,0,8
female,White,3,1,4,4,4,7,4,4,4,1,1,1,1,1,7,1,6,1,3,4,4,2,4,6,5,6,4,4,5,4,1,2,4,1,1,5,5,5,Entitlement,hubristic pride,0,0,9
female,White,3,1,1,1,1,6,1,1,1,1,1,4,1,1,6,1,6,1,4,7,1,3,3,2,2,4,7,5,5,5,5,1,1,1,1,1,1,1,Entitlement,authentic pride,1,1,10
male,White,2,5,4,7,3,5,3,4,4,3,5,4,2,4,4,5,2,3,4,3,3,5,5,5,6,4,3,4,5,6,7,5,2,3,1,6,5,5,Control,hubristic pride,0,0,11
female,White,1,3,4,4,5,5,3,4,4,2,4,2,2,4,5,4,3,2,5,7,5,5,6,7,5,6,3,6,5,6,3,4,5,4,4,6,6,5,Entitlement,authentic pride,0,0,12
male,White,3,5,5,3,5,3,5,5,5,5,3,4,3,4,4,4,4,4,4,4,4,3,5,5,4,4,4,3,4,5,4,3,4,4,4,4,4,4,Entitlement,hubristic pride,1,0,13
female,White,1,7,6,7,6,7,7,6,6,6,7,6,7,5,2,6,2,2,7,2,6,2,6,6,6,3,5,6,7,6,7,7,7,6,6,6,6,7,Entitlement,authentic pride,0,0,14
male,White,2,4,6,4,5,5,6,4,6,3,4,5,4,4,5,4,4,1,6,7,6,3,6,7,7,7,5,2,6,6,5,1,1,1,1,1,3,3,Entitlement,authentic pride,0,0,15
female,White,1,4,2,4,6,7,4,6,5,3,2,4,3,2,7,2,5,2,2,7,4,7,4,7,5,7,7,5,5,4,5,1,1,1,1,1,3,1,Control,authentic pride,0,0,16
female,East Asian,2,2,4,4,3,6,4,5,5,3,2,4,1,2,7,3,6,1,4,7,4,2,4,6,6,4,3,5,6,5,4,2,3,3,2,4,5,4,Entitlement,hubristic pride,0,0,17
male,White,1,3,5,1,4,5,3,3,5,3,5,3,5,5,5,4,3,5,5,6,6,5,6,6,6,4,5,5,6,6,5,1,1,1,1,3,3,2,Control,authentic pride,0,0,18
female,White,3,6,6,3,4,4,6,5,5,4,5,3,4,6,7,3,6,5,5,6,6,2,5,5,7,7,3,4,5,5,1,2,5,1,2,6,6,5,Control,hubristic pride,0,1,19
female,White,3,1,1,1,1,5,1,7,1,1,2,3,2,5,7,5,3,5,5,3,5,1,5,5,2,5,1,7,7,7,7,7,7,7,7,7,7,7,Entitlement,hubristic pride,0,0,20
male,White,1,3,5,3,6,5,5,6,5,3,2,2,2,2,6,4,6,2,5,5,3,5,5,4,3,3,3,5,6,6,6,2,2,2,2,5,5,3,Control,hubristic pride,0,0,21
female,East Asian,3,4,6,4,7,6,4,4,4,4,4,5,4,2,7,4,6,2,6,6,6,4,6,6,7,6,3,6,7,6,6,4,5,5,4,6,6,6,Entitlement,hubristic pride,0,0,22
male,White,2,1,1,1,1,7,1,2,2,1,1,1,1,1,7,1,7,1,1,7,1,6,1,5,3,1,4,1,1,2,1,2,5,5,3,6,5,3,Control,hubristic pride,0,0,23
female,White,3,4,6,4,6,3,6,5,6,5,5,5,5,3,4,5,3,3,5,5,5,3,5,6,5,5,3,5,5,3,5,2,2,3,2,5,5,5,Control,hubristic pride,1,1,24
female,White,1,2,2,3,2,5,2,2,2,2,3,3,4,2,5,1,3,2,3,6,5,5,4,5,5,5,5,5,5,4,5,2,5,2,3,5,5,5,Entitlement,authentic pride,1,1,25
female,White,2,1,5,1,6,6,4,6,4,1,6,5,4,4,2,4,5,1,6,7,4,5,4,5,5,4,5,6,5,5,5,2,1,2,2,1,2,1,Control,authentic pride,1,1,26
female,White,2,3,3,3,3,5,3,3,3,3,2,3,3,3,5,3,5,3,5,5,5,4,3,5,5,5,3,5,5,5,3,4,2,4,2,5,5,4,Control,hubristic pride,0,0,27
male,White,2,5,6,4,5,6,6,6,5,5,3,5,3,4,6,5,5,4,5,6,6,5,5,6,6,5,6,3,5,5,5,3,3,2,2,5,3,2,Control,hubristic pride,0,0,28
male,White,3,1,1,1,1,6,4,1,1,1,1,3,1,3,5,1,5,1,4,5,4,6,6,5,6,6,5,5,6,5,1,1,2,1,1,5,3,1,Control,authentic pride,0,0,29
female,White,3,4,4,3,4,4,3,4,3,3,3,2,2,3,5,1,6,5,5,7,4,4,5,6,7,5,4,3,5,5,4,3,1,3,1,2,2,2,Control,authentic pride,0,0,30
female,White,3,6,6,6,6,2,6,6,6,6,6,6,5,6,3,6,3,6,6,3,6,3,6,6,6,6,3,6,6,6,4,5,6,5,5,6,4,3,Entitlement,hubristic pride,0,0,31
female,White,3,1,5,1,1,7,5,5,5,1,1,1,1,2,7,1,7,1,5,7,4,3,5,5,5,5,2,5,5,5,2,2,1,1,1,5,5,6,Control,hubristic pride,0,0,32
female,White,1,1,1,3,3,7,3,1,1,1,1,1,1,2,7,1,3,1,5,1,6,1,7,6,6,6,1,5,5,5,3,3,5,6,4,7,3,6,Control,hubristic pride,0,0,33
female,White,1,7,6,6,7,3,7,6,5,5,6,7,6,5,2,7,2,6,5,3,6,4,6,6,7,7,6,4,6,6,5,6,6,5,4,7,6,4,Control,authentic pride,0,1,34
female,Other,1,3,5,1,5,5,6,7,5,2,1,5,1,1,7,1,7,1,5,7,5,4,6,5,6,7,3,5,6,5,6,1,1,1,1,5,5,1,Entitlement,authentic pride,0,0,35
female,White,1,1,2,1,1,7,2,4,5,1,6,2,4,1,7,1,2,1,5,7,2,6,2,6,5,6,2,6,6,6,7,2,2,2,2,2,2,2,Control,hubristic pride,0,0,36
female,White,3,4,4,5,5,5,2,5,3,2,5,4,6,5,6,3,6,5,4,3,6,5,6,7,5,6,3,5,6,6,5,1,4,3,3,5,5,5,Control,hubristic pride,0,0,37
female,White,2,1,3,2,4,5,3,2,4,3,4,2,3,5,6,5,3,2,6,6,5,1,6,6,5,6,3,6,5,6,6,2,2,3,2,5,5,3,Control,authentic pride,0,0,38
male,East Asian,1,1,2,3,1,5,1,2,3,1,2,2,3,1,5,1,3,5,6,3,6,3,7,6,6,6,1,3,7,4,7,5,5,3,1,5,5,1,Control,authentic pride,1,1,39
male,White,3,1,2,2,2,6,2,2,2,2,2,2,2,2,6,2,6,2,5,6,6,4,6,6,6,6,2,5,6,6,4,2,5,2,4,5,5,5,Control,hubristic pride,1,0,40
male,White,1,5,6,3,4,6,4,5,4,3,3,2,4,5,5,4,5,2,6,6,6,6,5,6,6,6,3,5,7,6,4,1,2,1,1,3,5,3,Entitlement,authentic pride,0,0,41
male,Black or African American,3,2,5,1,4,3,3,5,3,2,5,2,3,5,6,2,6,3,2,6,2,3,5,5,5,3,4,2,5,2,2,1,2,1,2,5,5,5,Control,hubristic pride,0,0,42
female,White,3,1,4,4,4,5,3,4,4,4,5,5,5,5,3,4,3,5,5,4,5,3,4,5,5,5,4,3,5,4,3,3,5,4,5,5,3,4,Control,hubristic pride,0,0,43
male,Black or African American,1,4,3,4,4,4,4,5,5,5,4,4,3,4,5,4,5,4,4,4,3,4,4,4,3,4,5,4,5,4,4,4,5,5,4,4,3,5,Entitlement,authentic pride,0,0,44
female,White,1,3,6,2,6,6,6,7,5,1,3,2,2,3,6,1,6,1,5,6,5,6,5,6,6,7,7,5,6,5,7,1,1,2,2,5,5,4,Entitlement,authentic pride,0,0,45
female,White,3,1,3,2,4,6,2,5,4,2,3,2,1,2,3,2,4,1,2,7,4,7,5,6,6,5,6,1,5,5,1,1,1,1,1,3,1,3,Entitlement,hubristic pride,1,1,46
male,East Asian,1,5,5,3,5,3,5,5,5,6,5,3,5,6,3,5,3,2,5,3,6,3,4,6,5,5,3,3,6,7,6,2,3,2,3,2,3,2,Entitlement,hubristic pride,0,0,47
female,White,3,1,4,2,5,7,3,2,4,1,1,1,1,2,7,1,6,1,4,6,5,3,4,6,4,3,4,5,6,6,6,1,1,1,1,2,2,4,Entitlement,authentic pride,0,0,48
female,White,1,3,3,5,3,5,4,5,5,3,4,5,4,6,4,5,4,4,6,5,5,3,6,6,6,5,3,5,5,4,3,4,5,5,4,5,6,6,Entitlement,hubristic pride,0,0,49
female,White,1,3,3,6,3,5,5,6,5,3,3,5,3,2,6,5,6,5,3,5,5,5,5,5,7,3,3,6,6,5,2,5,5,5,5,3,6,5,Entitlement,authentic pride,0,0,50
male,White,1,5,5,4,7,7,4,1,5,1,7,1,7,7,1,1,1,2,6,7,7,5,7,7,7,7,2,7,7,7,7,1,1,1,5,6,2,6,Entitlement,hubristic pride,0,0,51
female,Other,2,4,7,7,6,1,7,6,6,6,4,3,2,4,7,2,3,2,6,6,7,6,6,7,7,6,7,6,7,7,6,1,1,1,1,1,2,4,Entitlement,authentic pride,0,0,52
female,White,3,7,7,7,7,7,7,7,7,7,7,7,7,7,1,7,2,7,1,7,4,7,4,2,2,1,7,4,6,1,4,1,1,1,1,3,1,1,Control,authentic pride,1,1,53
female,Black or African American,3,4,7,1,7,4,7,7,7,4,1,1,1,1,7,1,4,1,7,4,7,4,7,7,7,7,5,7,7,7,7,1,1,1,1,1,1,1,Entitlement,authentic pride,0,0,54
female,White,1,2,3,4,3,6,1,5,5,1,5,6,6,5,2,3,3,5,6,6,5,2,5,5,6,6,2,5,5,5,5,2,4,3,4,5,6,5,Control,authentic pride,0,0,55
male,White,1,1,6,2,5,7,4,1,5,1,5,5,5,5,4,3,2,3,6,7,5,3,6,6,5,5,6,1,7,7,1,1,1,1,1,1,1,1,Control,authentic pride,0,1,56
female,White,3,1,5,1,4,7,4,1,4,1,1,2,1,1,7,1,7,1,2,3,1,1,1,5,5,5,2,5,5,5,6,2,1,2,1,5,5,3,Control,authentic pride,0,0,57
female,White,3,3,5,4,5,6,3,3,5,2,3,2,2,4,7,3,6,1,4,6,3,4,5,5,4,5,4,6,7,6,5,2,4,2,3,5,5,4,Entitlement,hubristic pride,0,0,58
female,White,3,3,5,2,5,5,3,5,3,3,5,3,5,5,5,3,5,3,5,5,5,3,5,3,3,5,5,3,3,2,3,3,2,2,2,5,5,5,Entitlement,authentic pride,0,1,59
female,White,1,2,5,5,6,4,4,6,6,4,1,3,2,1,7,2,6,1,5,2,4,3,5,5,6,5,1,6,7,5,6,1,1,1,1,1,2,1,Entitlement,authentic pride,0,0,60
female,Other,1,1,2,1,2,6,2,2,2,1,1,2,4,4,6,2,6,2,4,6,2,4,4,4,3,4,4,3,5,5,2,2,5,5,3,5,6,4,Control,hubristic pride,0,0,61
male,White,3,2,4,1,1,6,4,4,4,2,1,2,1,1,6,2,7,2,1,6,4,6,5,5,5,5,4,3,5,5,2,1,1,1,1,2,2,1,Control,authentic pride,0,0,62
male,East Asian,1,7,6,7,5,5,6,4,5,6,6,4,2,4,5,7,2,4,7,1,6,1,4,6,6,7,6,6,7,7,7,2,7,3,5,6,6,6,Control,authentic pride,0,0,63
female,White,2,1,1,1,1,7,1,1,1,1,1,1,1,1,7,1,3,1,4,4,5,2,6,7,6,6,1,7,6,3,2,5,1,2,1,7,7,6,Control,hubristic pride,0,0,64
male,White,2,6,6,3,6,3,5,7,5,4,5,5,3,3,5,5,4,3,5,5,6,3,5,5,7,6,1,2,5,2,3,5,5,6,3,6,6,5,Entitlement,hubristic pride,0,0,65
female,White,3,4,4,4,6,5,6,5,5,4,4,5,3,4,4,4,4,1,5,4,4,3,4,7,5,6,2,6,7,6,5,2,2,1,1,5,5,5,Entitlement,authentic pride,0,0,66
female,White,3,4,4,4,2,6,5,5,4,4,1,1,1,1,7,4,7,2,3,7,1,6,2,5,5,5,7,3,5,6,2,1,1,1,1,2,5,3,Control,authentic pride,0,0,67
female,White,2,1,5,4,3,4,3,7,5,3,1,2,3,1,7,3,7,3,3,5,2,2,4,4,5,4,2,5,5,4,3,2,5,2,3,5,5,6,Entitlement,hubristic pride,0,1,68
male,White,2,4,5,4,4,6,5,5,5,3,2,3,3,2,7,3,6,2,4,5,6,5,4,6,5,5,5,5,5,5,5,3,5,4,5,5,6,5,Control,hubristic pride,0,0,69
female,White,1,6,7,2,1,5,6,7,6,2,2,2,5,2,5,2,5,5,5,5,3,3,5,7,5,7,1,7,7,5,5,3,3,2,3,7,7,7,Control,authentic pride,0,0,70
male,White,2,5,5,3,6,5,5,7,5,4,5,3,1,4,5,3,2,2,5,5,7,3,6,6,7,7,2,7,6,7,6,5,4,2,2,6,6,5,Entitlement,hubristic pride,0,0,71
female,White,2,1,4,3,3,7,4,4,4,2,3,4,4,3,7,4,5,4,4,3,7,2,6,7,6,6,2,4,7,4,5,4,4,2,2,6,6,5,Entitlement,hubristic pride,0,0,72
male,East Asian,2,3,6,2,4,5,6,4,4,1,2,2,2,2,6,3,4,3,5,2,6,2,5,6,6,5,3,5,5,2,5,4,4,2,5,6,6,4,Control,authentic pride,0,0,73
female,White,3,5,6,6,7,4,6,7,6,5,5,6,5,5,3,6,2,4,6,3,6,2,7,7,6,6,2,5,6,6,4,6,4,4,3,6,5,5,Entitlement,hubristic pride,0,0,74
male,White,2,5,5,5,5,3,5,6,5,5,6,4,5,5,6,5,5,3,5,4,5,5,4,5,5,4,5,5,6,5,5,5,3,3,3,6,6,6,Control,hubristic pride,0,0,75
female,White,1,3,6,4,4,5,4,4,6,3,6,5,1,5,3,4,2,3,5,6,5,4,5,5,6,5,3,5,7,3,6,6,4,3,5,6,5,6,Control,authentic pride,0,0,76
male,White,1,6,5,7,7,3,5,5,5,6,5,5,5,5,5,5,3,6,5,6,5,5,6,5,6,5,1,4,3,5,5,5,2,4,3,3,4,3,Entitlement,authentic pride,0,1,77
male,Black or African American,1,6,5,6,6,6,6,6,6,6,5,5,5,6,5,5,6,5,6,5,5,6,6,5,5,6,6,5,5,4,4,5,5,4,5,5,4,5,Entitlement,hubristic pride,0,0,78
female,White,2,1,6,1,7,6,6,7,6,1,1,1,1,1,6,1,6,1,1,6,1,6,1,1,1,6,6,6,7,6,7,1,6,5,1,6,6,6,Entitlement,hubristic pride,0,0,79
male,White,2,1,1,1,2,6,3,4,3,3,1,3,2,2,6,3,7,2,5,5,2,2,5,5,5,5,3,5,6,4,5,6,3,4,2,7,7,6,Control,hubristic pride,0,0,80
male,White,3,6,6,5,7,3,6,7,7,4,4,5,4,3,2,5,2,4,5,4,6,4,6,7,6,6,3,2,7,6,6,1,2,3,2,3,6,2,Control,authentic pride,0,0,81
male,Black or African American,3,5,4,7,5,4,5,6,6,6,5,6,7,6,6,6,5,5,6,6,6,6,6,6,7,6,5,5,6,5,5,4,6,3,3,4,4,4,Entitlement,hubristic pride,0,0,82
female,White,1,2,3,3,3,4,5,4,4,3,6,3,4,3,4,3,3,4,3,5,6,5,3,5,5,3,3,4,6,5,4,5,3,5,3,3,4,2,Control,authentic pride,1,0,83
female,White,2,2,2,1,3,6,1,2,2,2,1,2,1,1,6,2,7,1,1,5,5,3,2,2,1,3,3,3,6,5,3,3,1,2,2,5,5,4,Control,hubristic pride,0,0,84
male,White,2,5,5,2,5,6,5,4,5,4,5,5,4,5,4,4,3,4,5,3,5,3,6,6,5,6,5,5,7,5,6,4,4,4,5,5,5,4,Control,hubristic pride,0,0,85
male,Black or African American,1,3,6,5,7,4,4,4,5,2,1,5,5,1,7,3,5,1,5,5,7,5,7,7,5,6,5,5,7,7,5,6,1,1,1,2,2,3,Entitlement,authentic pride,0,1,86
female,White,2,3,5,2,5,6,5,4,5,2,2,2,1,2,6,1,3,1,6,6,5,3,7,7,6,5,3,6,7,7,7,2,5,1,1,4,6,5,Entitlement,authentic pride,0,0,87
female,White,3,1,1,1,1,7,1,1,1,1,1,1,1,1,7,1,7,1,1,7,1,7,4,7,1,4,7,4,6,5,5,1,1,1,1,5,1,1,Control,hubristic pride,0,0,88
male,White,3,3,4,4,4,5,4,6,5,3,4,3,5,3,2,4,4,2,4,5,5,4,5,5,5,5,4,4,4,5,3,3,2,2,3,4,3,2,Entitlement,authentic pride,0,0,89
male,Other,2,5,6,4,6,6,5,5,6,5,6,5,5,5,4,5,5,3,6,2,5,3,5,5,5,7,3,4,6,6,6,2,4,3,6,6,6,6,Control,authentic pride,0,1,90
male,White,2,5,5,4,4,5,4,5,5,5,3,4,3,3,3,3,3,3,3,4,4,3,4,4,3,3,3,5,4,4,5,5,4,5,5,5,4,4,Control,authentic pride,0,0,91
male,East Asian,1,5,4,4,5,4,5,6,5,3,4,6,2,3,5,4,2,2,5,6,5,3,5,6,5,6,2,3,6,6,6,6,2,2,3,6,5,3,Entitlement,hubristic pride,0,0,92
female,White,2,4,5,5,6,7,3,6,5,1,1,1,1,4,7,1,5,1,5,6,5,5,4,6,5,7,3,6,7,6,5,5,5,1,5,6,4,4,Control,hubristic pride,0,0,93
female,White,3,1,1,1,1,7,1,1,1,1,1,1,1,1,7,1,7,1,4,7,1,6,4,1,4,6,1,2,5,5,1,1,1,1,1,6,1,1,Control,hubristic pride,0,0,94
male,White,2,5,6,1,6,6,6,7,6,5,4,6,6,4,5,6,3,4,4,6,6,6,4,6,6,6,6,5,6,5,6,3,1,2,1,2,2,3,Entitlement,authentic pride,0,0,95
male,White,2,3,3,3,3,6,3,6,4,4,6,3,2,3,6,5,4,5,4,3,4,2,4,5,5,4,6,3,3,4,4,3,5,5,2,5,3,5,Control,hubristic pride,0,0,96
female,White,3,4,5,3,6,5,5,5,5,3,2,3,3,3,6,2,5,1,5,3,5,3,5,4,5,5,3,5,5,5,3,2,2,1,1,2,4,4,Control,authentic pride,0,0,97
male,White,1,5,5,4,5,3,5,7,7,5,5,5,7,3,5,5,5,4,5,5,7,1,6,5,7,5,4,7,7,7,4,1,1,1,7,7,7,7,Entitlement,authentic pride,0,1,98
male,White,1,1,4,1,1,7,4,5,4,1,2,2,2,2,7,1,4,1,3,7,6,3,5,6,7,6,6,6,7,7,3,1,5,1,1,5,6,6,Control,hubristic pride,0,0,99
male,East Asian,1,5,7,6,7,2,7,7,7,6,3,4,3,2,7,4,7,1,6,2,4,4,7,7,6,6,1,6,7,6,6,4,5,3,3,5,5,4,Entitlement,hubristic pride,0,0,100
male,White,2,4,4,2,4,6,4,4,4,3,4,2,2,4,5,2,4,2,5,4,4,4,4,5,5,6,4,4,5,4,5,2,1,2,2,5,5,4,Control,authentic pride,0,0,101
male,White,1,5,5,3,5,4,5,4,4,4,3,2,2,2,6,4,4,1,6,4,5,3,5,6,5,5,3,5,6,5,6,1,1,1,1,2,2,1,Entitlement,authentic pride,0,0,102
female,White,3,1,3,1,1,7,1,1,4,1,2,1,1,1,4,2,2,1,6,4,6,2,6,6,5,6,1,2,6,6,3,3,2,1,2,6,5,5,Entitlement,hubristic pride,1,1,103
male,White,1,2,3,2,3,6,4,5,4,3,4,3,3,4,5,3,3,2,6,6,4,3,6,7,6,7,4,5,7,6,4,1,4,3,2,4,6,4,Control,hubristic pride,0,0,104
female,White,2,1,2,1,2,6,1,3,2,2,3,5,5,2,5,2,3,5,3,6,5,5,5,5,5,5,3,6,6,6,3,6,6,5,5,6,7,7,Control,hubristic pride,0,0,105
male,Black or African American,1,6,4,7,5,5,4,4,6,5,5,4,7,7,3,7,4,5,3,4,5,5,5,4,7,7,6,4,6,3,7,1,4,5,5,4,6,5,Entitlement,hubristic pride,0,1,106
female,White,3,1,4,2,4,7,4,4,4,1,1,2,1,4,7,1,6,1,1,4,4,2,4,4,2,4,2,2,7,7,7,3,2,1,1,7,6,6,Control,hubristic pride,0,0,107
female,White,2,1,2,1,1,7,1,6,1,1,1,1,1,1,7,1,7,1,5,1,2,1,2,7,5,6,1,5,7,7,3,1,1,1,1,1,7,7,Entitlement,authentic pride,0,0,108
male,White,2,7,7,6,7,1,7,6,7,7,7,7,7,7,1,7,1,6,6,5,6,4,5,6,6,6,5,4,7,7,4,1,5,4,2,2,1,1,Control,hubristic pride,0,1,109
female,East Asian,2,1,1,2,1,7,3,4,2,1,1,1,1,1,7,1,7,1,1,1,3,3,2,5,5,5,7,5,5,4,2,2,5,3,1,6,7,7,Entitlement,hubristic pride,0,1,110
male,White,2,5,6,2,7,5,5,7,6,4,5,3,4,5,5,2,3,3,6,7,6,4,7,7,6,6,2,2,6,7,2,2,5,1,2,5,2,3,Entitlement,hubristic pride,0,0,111
female,White,3,4,6,5,5,6,5,5,4,4,3,4,4,4,3,5,5,5,5,3,4,3,5,4,5,5,5,5,6,5,5,4,3,3,3,4,4,4,Control,authentic pride,1,0,112
female,Other,2,4,4,5,5,2,4,4,4,6,3,2,1,4,5,3,5,1,3,4,3,6,4,5,5,5,2,1,3,1,1,1,1,1,1,2,1,1,Control,authentic pride,1,1,113
male,White,3,1,7,1,5,7,7,7,5,1,1,6,5,2,5,1,5,1,6,7,5,5,5,7,7,6,2,5,6,6,1,1,3,1,3,5,5,3,Control,authentic pride,0,0,114
female,White,2,4,5,4,5,4,4,5,6,4,3,4,4,4,5,4,5,4,5,6,5,2,5,6,5,5,5,5,5,6,5,3,4,2,3,4,4,3,Entitlement,authentic pride,0,0,115
female,White,3,1,1,1,7,6,4,6,7,1,7,7,7,7,1,1,1,7,7,7,7,7,7,7,7,7,7,7,7,7,5,1,1,1,1,1,5,1,Entitlement,authentic pride,0,0,116
female,White,2,3,4,3,5,4,4,5,5,4,2,3,3,2,5,4,5,2,4,5,5,4,4,5,5,5,4,5,6,5,5,1,1,1,1,1,3,4,Entitlement,hubristic pride,1,1,117
female,White,2,5,5,4,2,3,5,5,5,3,1,1,1,1,1,1,1,1,1,1,1,1,1,1,1,1,1,7,7,7,6,7,7,7,2,7,6,7,Control,hubristic pride,0,0,118
male,White,2,6,6,6,6,4,5,7,7,6,5,6,5,7,2,6,3,4,6,5,7,4,6,6,6,6,4,3,7,6,6,1,1,1,1,5,5,5,Control,authentic pride,0,1,119
female,White,2,3,5,5,5,5,6,6,5,3,2,2,3,2,2,2,6,1,3,6,6,6,5,6,6,4,2,5,7,7,6,1,2,1,1,5,5,5,Control,authentic pride,0,0,120
female,White,2,1,4,4,6,4,4,4,4,4,1,4,1,1,4,4,6,1,6,6,4,4,6,4,4,4,4,4,4,4,4,4,4,4,4,4,5,4,Control,hubristic pride,0,1,121
male,White,3,3,4,1,3,6,3,1,3,3,4,4,2,6,5,3,3,1,6,6,6,3,5,6,6,6,3,5,7,6,4,2,1,1,1,3,3,2,Control,hubristic pride,0,0,122
male,East Asian,1,3,5,2,5,6,5,5,5,3,2,4,5,4,6,3,2,1,6,5,6,3,6,6,7,7,4,5,7,6,7,1,1,1,1,1,1,2,Control,authentic pride,0,0,123
female,White,3,3,4,3,4,5,4,3,5,3,6,4,2,6,4,3,2,2,4,6,4,3,5,5,4,4,6,5,6,6,6,1,1,1,1,4,4,2,Entitlement,authentic pride,0,0,124
female,White,2,1,1,1,1,7,1,1,4,1,4,1,1,4,7,1,2,1,4,4,5,4,4,4,4,5,3,6,6,6,2,3,2,1,1,5,5,4,Control,hubristic pride,0,1,125
male,White,2,3,4,4,3,4,5,5,6,3,3,3,3,3,5,5,2,5,6,5,3,5,5,5,6,5,3,5,5,3,5,4,3,2,4,5,5,5,Control,authentic pride,0,0,126
male,White,2,2,5,4,2,6,4,5,4,1,2,1,2,2,7,2,6,2,3,5,5,2,5,7,6,6,2,5,6,7,4,3,5,5,6,7,6,6,Entitlement,hubristic pride,0,0,127
female,White,3,3,4,4,5,4,7,5,4,5,3,6,3,3,7,3,6,4,3,6,4,5,4,6,5,5,3,6,6,7,6,3,5,4,5,6,3,5,Entitlement,hubristic pride,0,0,128
male,White,1,4,4,6,5,6,5,5,4,3,6,5,5,6,4,6,2,3,7,5,6,5,6,6,6,6,5,5,6,6,6,3,3,4,3,5,5,4,Control,authentic pride,0,0,129
male,White,2,4,4,4,4,4,4,4,4,4,3,5,4,4,4,5,3,4,4,4,4,5,4,5,3,5,4,2,3,4,3,3,3,4,1,3,4,2,Control,authentic pride,0,0,130
male,White,2,3,2,1,5,6,3,3,4,3,1,2,2,2,6,5,4,2,5,5,5,4,5,5,2,5,6,5,6,5,6,1,1,1,1,6,5,4,Control,authentic pride,0,0,131
male,White,1,2,4,1,3,6,3,3,3,2,2,2,2,3,7,2,6,2,2,6,2,6,2,3,2,2,6,3,3,3,6,2,2,1,3,2,3,2,Entitlement,hubristic pride,0,0,132
female,East Asian,1,4,4,7,3,6,6,6,4,3,5,4,2,3,5,3,5,1,4,6,3,3,4,3,3,3,3,3,5,5,1,5,2,1,1,6,5,2,Control,hubristic pride,0,0,133
female,White,1,1,1,1,2,6,1,1,1,1,1,1,1,3,7,1,7,1,3,4,7,4,1,7,1,4,4,4,7,5,6,1,2,6,5,5,7,7,Entitlement,hubristic pride,0,0,134
male,White,1,4,4,3,5,5,4,4,4,3,4,4,3,4,4,3,4,2,4,5,5,4,4,6,5,5,4,4,6,4,4,4,4,3,4,5,4,4,Control,authentic pride,0,0,135
female,Other,3,2,4,1,5,6,5,2,6,1,3,2,4,4,6,5,3,4,5,5,5,2,6,6,7,7,3,5,7,7,6,1,1,1,1,3,2,2,Entitlement,authentic pride,0,0,136
male,White,2,4,5,1,5,6,6,5,5,4,5,6,1,4,6,5,2,5,6,7,6,5,6,6,7,6,3,3,3,5,4,5,1,5,1,2,2,5,Control,authentic pride,0,0,137
female,White,1,2,5,2,4,6,2,2,4,2,3,2,1,2,6,1,4,1,6,5,7,2,5,6,5,5,1,4,5,5,5,4,3,2,1,4,5,4,Control,authentic pride,0,0,138
male,White,3,2,5,2,5,7,4,6,6,4,4,2,2,4,7,2,2,2,5,2,5,5,5,6,6,6,5,5,6,5,4,3,3,3,2,5,6,5,Entitlement,hubristic pride,1,1,139
female,White,1,1,6,2,6,6,5,6,5,3,6,5,5,3,4,4,5,3,5,5,6,4,6,3,5,5,5,4,6,2,5,3,2,2,2,2,2,2,Entitlement,authentic pride,0,0,140
male,East Asian,1,2,6,2,4,7,6,4,6,2,4,6,5,4,5,4,4,4,6,7,4,6,4,6,6,5,6,5,7,6,3,1,1,1,1,5,1,5,Control,authentic pride,0,0,141
female,Black or African American,3,2,7,3,6,6,7,6,4,2,1,1,5,1,7,1,6,2,4,7,6,2,5,7,6,5,1,6,7,7,6,1,5,1,1,6,6,5,Control,hubristic pride,0,0,142
female,Other,2,3,4,4,3,5,4,4,4,3,2,3,2,4,4,3,5,2,6,5,3,2,6,6,6,6,2,6,6,4,4,5,3,3,1,5,5,5,Control,hubristic pride,0,0,143
female,White,1,1,6,1,6,7,3,3,6,3,2,3,1,2,5,1,5,1,6,6,7,1,6,6,7,7,2,6,6,6,5,2,4,1,1,5,6,2,Entitlement,authentic pride,0,0,144
male,White,1,7,6,5,7,1,7,6,7,6,5,6,3,6,6,6,3,4,6,4,4,2,6,7,6,5,4,2,6,6,2,5,5,3,2,3,5,3,Entitlement,hubristic pride,0,0,145
male,White,3,6,4,3,5,5,5,4,5,3,6,5,5,5,6,4,6,5,6,5,6,3,5,6,7,6,3,5,5,5,3,5,6,5,6,6,5,6,Entitlement,hubristic pride,0,0,146
female,White,2,1,4,1,4,7,1,2,4,1,1,5,4,3,4,2,4,3,4,5,3,5,4,4,5,4,3,3,2,1,4,4,1,1,2,3,4,2,Control,authentic pride,0,1,147
female,White,3,3,5,3,4,5,4,4,5,4,4,4,3,4,3,3,4,3,5,3,4,5,5,4,4,5,5,4,7,4,4,1,1,1,1,3,3,1,Entitlement,authentic pride,0,1,148
male,White,2,7,7,4,4,4,7,4,4,4,1,1,1,4,7,1,7,1,1,7,1,7,1,7,1,1,7,7,7,7,4,1,1,1,1,1,4,4,Entitlement,authentic pride,0,0,149
female,White,2,3,4,3,5,6,4,5,5,2,1,3,1,1,7,3,6,1,3,6,2,5,3,4,4,5,3,5,5,5,3,3,3,1,5,6,6,5,Entitlement,hubristic pride,0,0,150
male,White,2,3,5,2,3,6,5,5,5,3,5,3,3,4,5,3,3,2,5,6,6,5,5,6,6,6,5,3,5,5,2,2,5,3,3,5,5,3,Control,hubristic pride,0,0,151
female,White,1,5,5,2,2,7,5,5,4,3,3,4,3,4,6,3,5,3,5,6,2,5,3,3,6,6,6,5,5,5,3,3,3,3,5,5,6,5,Control,hubristic pride,0,0,152
male,White,3,2,4,1,4,6,2,4,4,3,2,3,2,2,6,2,4,2,4,4,4,4,6,6,6,6,4,4,4,4,3,6,5,6,5,5,4,4,Entitlement,hubristic pride,0,1,153
female,White,2,3,4,4,5,5,5,5,6,3,2,4,2,2,6,4,5,1,5,5,5,4,5,5,4,6,2,5,5,5,4,6,5,3,2,5,5,5,Entitlement,hubristic pride,0,0,154
female,White,2,2,5,4,4,6,5,5,5,3,5,3,3,3,4,2,6,4,5,5,6,3,5,6,5,6,3,5,7,4,7,2,1,1,1,4,4,5,Control,authentic pride,0,0,155
male,White,1,4,4,4,4,4,4,4,4,4,4,4,4,4,4,4,4,4,4,4,4,4,4,4,4,4,4,4,4,4,4,4,4,4,4,4,4,4,Control,authentic pride,0,0,156
male,White,2,2,2,2,2,6,2,2,5,2,6,5,5,5,2,1,1,2,6,7,1,1,6,7,6,6,5,6,7,5,5,1,1,6,1,1,5,1,Control,authentic pride,0,0,157
male,White,2,2,5,3,2,6,2,2,2,1,5,3,5,4,6,1,3,1,6,6,7,5,7,7,6,7,1,6,7,7,6,1,1,1,1,5,2,2,Entitlement,authentic pride,1,1,158
female,White,1,2,2,2,5,6,3,4,5,2,2,4,1,2,6,2,4,1,5,6,5,6,4,6,6,6,2,4,6,6,4,5,5,3,5,5,6,5,Entitlement,hubristic pride,0,0,159
male,Other,2,5,5,6,5,5,5,5,5,5,5,4,4,5,6,6,6,4,5,7,6,7,5,4,6,5,7,5,6,5,6,5,4,6,3,4,4,7,Control,authentic pride,1,1,160
female,White,2,2,2,2,2,5,2,3,3,4,2,3,2,2,3,2,3,5,5,3,5,1,5,6,6,3,1,5,5,6,4,6,6,2,3,6,5,6,Entitlement,hubristic pride,1,1,161
female,White,1,7,7,7,7,1,7,7,7,7,6,6,7,7,7,5,3,1,7,4,1,1,7,7,7,7,1,5,5,5,3,6,6,5,3,6,5,6,Control,hubristic pride,0,1,162
male,White,3,4,5,3,6,6,5,4,5,5,1,4,2,5,7,7,7,5,5,7,6,6,6,7,7,4,4,2,2,3,1,1,6,2,4,4,5,5,Entitlement,hubristic pride,1,1,163
female,White,3,1,5,1,1,7,5,2,5,1,2,5,2,2,3,2,5,2,5,4,5,4,5,5,5,6,3,5,6,6,3,3,5,3,5,5,6,5,Control,hubristic pride,0,1,164
male,White,2,5,5,1,1,6,7,6,5,4,7,7,7,6,3,6,1,4,5,7,5,3,2,6,7,7,3,3,1,3,3,1,1,1,1,1,1,1,Control,authentic pride,0,0,165
male,White,2,3,5,2,5,3,4,4,3,3,3,4,4,3,5,3,5,3,4,5,5,5,5,5,5,5,5,4,5,5,5,2,3,3,3,3,3,2,Control,authentic pride,0,0,166
male,White,1,5,6,6,6,3,3,7,5,5,5,3,2,4,5,3,3,3,6,6,7,6,7,7,6,7,6,7,7,5,6,1,1,1,2,1,3,1,Entitlement,authentic pride,0,0,167
female,White,3,3,5,4,5,7,6,7,6,3,1,5,5,1,7,1,7,1,5,6,3,6,5,5,5,5,5,2,1,2,5,5,5,1,1,5,6,6,Entitlement,hubristic pride,0,0,168
female,White,3,2,5,2,6,6,5,6,5,2,2,3,5,3,7,2,6,1,5,5,6,3,3,6,5,5,2,6,7,7,7,1,1,1,1,5,5,5,Entitlement,authentic pride,0,0,169
male,White,2,2,3,1,2,6,2,2,2,2,5,3,6,5,3,5,5,5,3,5,6,5,3,5,5,5,5,2,1,3,1,7,6,6,5,2,4,4,Entitlement,hubristic pride,0,0,170
female,White,3,2,3,2,4,5,4,5,3,2,5,2,3,5,2,4,2,3,5,2,5,1,5,6,3,7,2,7,7,6,6,5,3,2,3,5,5,6,Control,hubristic pride,0,0,171
male,White,3,2,4,1,5,7,3,5,4,2,4,5,3,5,5,3,3,2,5,4,6,4,6,7,6,6,3,2,5,4,3,2,2,1,1,2,3,1,Control,authentic pride,0,0,172
male,White,3,5,5,2,6,4,4,6,4,4,4,5,4,4,5,4,4,3,4,6,6,3,3,6,7,6,5,4,6,6,3,2,4,3,2,5,5,2,Entitlement,hubristic pride,0,0,173
female,White,2,1,3,1,1,6,2,2,2,1,1,1,1,1,6,1,6,1,2,5,4,5,4,6,5,5,4,4,6,6,2,2,5,2,5,6,5,5,Entitlement,hubristic pride,0,0,174
male,Black or African American,1,2,4,2,6,7,5,4,4,2,2,2,2,2,7,2,5,1,2,7,3,3,6,5,5,5,3,3,5,5,5,1,1,1,2,3,2,2,Entitlement,authentic pride,0,0,175
female,White,1,1,1,1,1,7,1,2,1,1,2,5,1,2,7,2,6,1,5,7,4,2,6,6,3,3,3,5,5,6,4,1,2,1,2,5,6,4,Control,hubristic pride,0,0,176
female,White,3,2,6,1,6,3,5,7,6,3,2,2,2,2,6,1,3,1,4,7,6,6,5,7,7,7,6,6,7,6,6,1,1,1,1,5,1,5,Entitlement,authentic pride,0,0,177
male,White,3,2,4,2,4,6,2,4,4,2,1,1,1,2,6,1,7,1,2,6,3,6,4,6,4,3,6,2,7,5,2,2,2,1,2,2,5,2,Control,hubristic pride,0,0,178
male,White,2,2,4,2,2,7,5,5,4,1,2,2,2,1,7,2,5,1,2,7,6,3,3,7,6,6,2,3,6,6,5,1,1,1,1,5,2,2,Control,authentic pride,0,0,179
male,White,3,3,3,3,6,6,4,4,4,3,4,5,5,5,3,6,3,5,4,6,4,3,6,7,7,7,5,4,6,6,4,2,2,1,1,4,4,4,Entitlement,authentic pride,0,1,180
male,White,1,3,5,2,4,5,5,5,5,3,7,3,6,6,3,4,1,2,6,4,6,5,6,7,7,7,3,7,7,7,6,1,5,2,3,6,7,7,Entitlement,hubristic pride,0,0,181
male,White,3,1,2,2,1,6,2,2,2,1,2,1,1,3,6,1,2,1,4,6,5,2,3,6,6,7,2,1,5,5,6,1,1,1,1,1,1,1,Entitlement,hubristic pride,0,0,182
female,White,3,1,5,1,7,7,5,5,6,1,1,5,1,1,7,1,2,1,4,7,6,3,4,6,6,6,2,2,6,6,1,1,6,5,5,7,5,5,Entitlement,hubristic pride,1,1,183
female,White,1,3,4,3,3,5,4,4,4,4,1,2,3,2,5,2,5,3,6,5,5,4,5,6,4,5,5,4,5,5,2,6,5,4,4,5,5,5,Control,hubristic pride,0,0,184
female,Black or African American,1,5,7,5,6,7,7,6,4,4,4,6,2,5,7,4,4,4,4,7,7,7,7,7,7,7,5,5,6,7,1,1,5,1,2,5,5,5,Entitlement,hubristic pride,0,0,185
female,Black or African American,2,3,4,4,4,5,4,5,4,3,3,3,2,2,6,3,5,3,4,6,3,3,4,4,4,4,5,4,5,4,3,4,5,3,4,4,4,3,Control,hubristic pride,0,1,186
male,White,1,6,6,5,5,5,5,6,6,7,6,7,5,6,3,6,4,4,3,5,4,2,4,6,5,4,6,2,4,4,6,7,4,5,5,6,6,4,Control,hubristic pride,0,1,187
female,White,2,5,7,5,7,2,7,6,7,5,7,5,5,6,2,6,1,3,7,3,7,1,7,7,6,7,3,7,7,7,5,1,3,3,1,7,7,6,Entitlement,hubristic pride,0,0,188
male,Black or African American,1,1,1,1,1,7,1,1,1,1,1,1,1,1,7,1,6,1,4,7,4,7,3,4,4,7,7,4,7,1,2,1,1,1,1,1,1,1,Control,authentic pride,0,0,189
male,White,3,4,4,3,4,5,3,5,4,3,4,5,5,5,4,5,4,5,6,4,6,3,6,5,5,7,3,5,5,6,5,3,4,5,1,3,5,3,Control,hubristic pride,0,0,190
female,Black or African American,3,2,7,4,7,7,6,4,4,3,2,1,1,3,7,1,5,1,5,7,4,6,7,6,5,6,7,5,7,7,4,2,1,3,1,2,1,2,Entitlement,authentic pride,0,1,191
female,White,3,5,5,4,3,4,5,4,5,5,5,5,4,4,4,5,5,5,3,4,5,4,5,3,4,4,4,5,4,4,3,4,4,4,5,5,5,5,Control,authentic pride,0,0,192
female,White,2,3,6,4,6,5,5,6,6,3,6,5,6,5,5,6,1,3,5,5,6,6,6,5,6,5,5,5,5,5,3,2,4,2,2,3,5,3,Entitlement,hubristic pride,0,0,193
male,White,2,3,5,3,3,5,5,5,5,4,4,5,5,5,5,5,4,3,6,5,5,4,6,6,6,6,3,5,5,5,5,2,2,2,2,5,5,5,Control,authentic pride,0,0,194
female,White,3,5,5,5,6,3,6,6,6,6,4,5,4,4,4,5,4,3,5,4,5,3,4,5,5,5,3,3,3,3,3,3,4,4,5,3,4,3,Entitlement,hubristic pride,0,0,195
female,White,2,1,7,1,4,7,7,4,7,1,1,1,1,1,1,1,7,1,1,7,1,7,1,1,7,1,7,7,7,7,7,1,1,1,1,1,1,1,Entitlement,authentic pride,0,0,196
female,White,1,3,5,3,2,7,5,6,5,2,5,6,5,2,2,6,1,5,6,3,6,2,7,5,7,7,1,6,6,7,5,2,3,6,1,6,5,1,Entitlement,hubristic pride,0,0,197
female,White,2,2,4,3,6,5,3,3,4,2,2,2,1,3,6,3,5,2,3,5,4,3,3,5,4,5,4,5,4,3,4,6,5,3,5,5,5,4,Entitlement,hubristic pride,1,1,198
female,White,2,2,5,4,5,6,5,2,5,2,2,2,1,2,6,6,4,1,5,6,5,3,5,5,6,5,5,5,6,6,6,2,2,2,2,2,2,2,Entitlement,authentic pride,1,1,199
female,Other,3,1,4,1,1,6,2,3,4,1,1,1,1,1,4,1,7,1,3,7,2,2,3,5,5,5,2,3,5,4,4,1,1,1,1,2,5,4,Control,authentic pride,0,0,200
female,White,2,5,5,5,6,5,5,6,5,5,5,4,3,3,5,3,3,5,5,5,6,3,4,6,4,6,6,5,7,5,6,5,5,5,5,5,6,6,Control,hubristic pride,0,0,201
female,White,1,2,3,5,2,6,2,2,5,3,3,6,4,2,5,3,5,2,6,5,4,2,5,6,6,5,3,5,6,5,5,5,3,4,2,5,5,6,Control,authentic pride,0,0,202
male,White,3,3,2,1,3,6,3,6,3,3,1,5,6,1,7,3,7,6,6,3,5,2,4,7,6,7,6,6,7,7,7,1,1,3,2,6,5,5,Control,hubristic pride,0,0,203
female,White,2,1,4,1,3,1,2,4,4,1,3,3,3,3,5,4,5,3,5,5,5,3,5,5,5,5,3,6,7,1,5,1,1,1,1,5,6,5,Control,authentic pride,0,1,204
female,White,3,4,5,4,6,4,6,7,5,5,3,5,5,2,6,5,6,5,6,6,7,4,7,7,7,6,5,4,6,6,1,6,6,7,4,7,5,4,Control,hubristic pride,0,0,205
female,White,3,1,4,1,1,7,1,1,5,1,2,5,5,5,2,5,6,7,3,6,3,6,4,7,5,5,7,6,7,7,4,5,5,1,2,5,1,1,Control,hubristic pride,0,0,206
female,Other,3,1,5,1,4,7,1,4,4,1,2,2,3,2,6,1,4,2,3,6,5,3,2,5,5,4,2,5,6,6,5,1,2,4,1,6,5,3,Control,neither,0,0,207
female,Black or African American,2,1,4,6,6,5,5,5,2,1,7,1,1,4,7,1,1,3,3,7,7,2,4,7,7,6,1,5,6,4,7,1,1,1,1,7,4,3,Control,authentic pride,0,0,208
female,White,1,3,5,2,5,5,5,2,5,3,6,6,6,6,2,6,2,3,6,6,6,3,5,6,6,6,3,6,6,6,5,2,2,2,2,6,2,5,Entitlement,authentic pride,0,0,209
female,White,3,3,4,2,4,6,3,5,6,3,2,3,2,3,6,2,6,1,4,5,4,3,5,3,5,3,6,6,5,5,4,5,5,4,2,6,6,6,Entitlement,hubristic pride,0,1,210
male,White,1,3,4,2,5,4,3,3,3,2,3,3,3,3,3,3,3,3,3,3,5,3,3,5,3,3,3,5,5,5,1,3,3,3,3,3,3,5,Entitlement,authentic pride,1,1,211
female,Black or African American,1,2,5,2,5,6,5,6,5,2,2,3,2,3,7,2,6,1,5,7,6,6,5,5,5,5,2,5,7,6,5,2,5,2,2,5,6,5,Entitlement,hubristic pride,0,0,212
female,White,1,4,6,2,5,6,5,4,5,4,5,3,2,5,1,3,2,2,5,4,6,3,6,7,6,6,2,5,5,5,5,5,5,5,3,5,5,3,Entitlement,hubristic pride,0,1,213
female,White,3,5,5,2,5,5,6,6,5,4,4,5,5,6,3,4,2,5,5,6,4,2,5,6,6,5,2,6,5,5,5,6,6,6,5,6,6,6,Entitlement,hubristic pride,0,0,214
female,White,2,1,1,1,1,7,1,1,1,1,1,1,1,1,7,1,7,1,1,7,1,1,7,1,1,7,1,7,7,1,7,1,1,1,1,4,7,4,Entitlement,authentic pride,0,0,215
female,Black or African American,2,3,5,4,6,7,5,4,5,4,2,3,3,1,7,1,6,2,2,7,4,7,3,5,5,3,7,1,1,1,1,1,1,1,1,3,1,1,Entitlement,authentic pride,0,0,216
female,White,1,1,6,1,2,7,2,2,5,1,5,2,1,5,7,1,3,2,7,6,5,2,7,7,7,7,1,6,7,6,2,5,5,3,5,7,6,6,Control,hubristic pride,0,0,217
male,White,2,1,2,2,1,7,2,2,2,2,2,2,3,3,6,1,5,3,3,5,5,5,3,5,5,5,6,2,2,2,2,3,5,5,5,6,5,3,Entitlement,hubristic pride,0,0,218
female,White,3,2,4,2,4,6,2,2,6,1,6,6,2,6,6,5,2,1,6,6,6,2,6,7,7,5,6,2,7,6,2,5,3,1,1,6,6,6,Control,authentic pride,0,0,219
female,White,1,2,3,2,2,5,2,5,2,1,3,3,3,1,7,3,6,1,3,3,5,2,4,3,3,5,1,5,5,5,3,5,1,2,3,5,5,7,Control,authentic pride,0,0,220
male,Black or African American,2,5,6,6,5,5,5,6,6,5,5,6,5,5,6,5,6,6,6,5,6,6,5,6,5,5,6,5,6,5,6,5,6,5,6,6,6,5,Entitlement,authentic pride,0,1,221
female,White,1,3,5,2,5,6,3,6,4,2,2,5,2,3,6,4,6,2,6,4,5,2,6,6,6,6,2,6,6,6,5,3,3,5,2,6,6,4,Entitlement,hubristic pride,0,0,222
male,East Asian,3,4,4,3,4,4,4,3,4,3,3,3,4,3,6,4,4,3,4,4,5,4,5,6,6,6,4,5,6,6,6,3,4,2,4,3,4,5,Entitlement,authentic pride,0,0,223
male,White,3,2,3,2,5,6,4,3,4,2,3,3,4,4,5,3,4,5,6,6,5,3,6,6,5,6,3,5,6,6,5,1,3,2,2,3,5,2,Entitlement,hubristic pride,0,0,224
female,White,1,4,5,2,5,5,6,5,5,4,5,5,2,5,5,5,3,1,5,3,6,3,5,6,6,7,3,6,5,5,3,2,4,5,4,5,5,5,Control,hubristic pride,0,0,225
female,White,3,3,5,2,6,5,4,4,6,5,3,3,2,5,6,2,3,1,6,3,6,3,6,6,6,7,3,6,6,6,6,1,1,1,1,6,5,5,Entitlement,authentic pride,0,0,226
male,White,3,2,5,1,4,6,5,5,5,3,2,1,1,4,7,1,4,2,6,4,5,3,4,6,6,6,3,7,7,7,2,1,1,1,1,6,5,1,Control,hubristic pride,0,0,227
female,White,3,1,1,1,1,7,1,1,2,1,1,1,1,4,7,2,6,1,3,6,1,3,3,5,2,5,3,6,5,1,1,5,3,1,1,5,5,5,Entitlement,authentic pride,1,1,228
female,White,2,4,4,4,4,6,4,4,4,4,5,5,5,6,2,5,3,5,4,6,6,6,4,6,5,6,6,7,7,3,6,1,3,3,3,6,6,6,Entitlement,authentic pride,0,0,229
male,White,2,2,6,1,7,5,1,3,5,1,4,6,2,5,4,4,2,6,5,7,6,5,6,6,7,5,5,5,6,5,5,2,3,1,1,2,1,2,Entitlement,authentic pride,0,0,230
male,White,1,5,5,1,5,5,5,3,5,2,5,4,4,5,3,4,5,4,5,5,4,3,5,5,5,5,5,4,6,6,6,3,3,3,3,3,3,3,Entitlement,authentic pride,0,0,231
male,White,1,2,4,2,2,6,3,2,3,1,4,2,2,4,7,3,4,3,6,7,4,6,2,6,5,6,6,4,4,4,2,1,2,2,2,2,4,2,Entitlement,authentic pride,0,0,232
female,Other,2,1,1,1,1,7,1,1,4,1,1,1,1,1,7,1,6,1,1,7,1,7,2,5,3,2,7,5,5,1,4,1,5,1,1,4,6,5,Control,hubristic pride,0,0,233
female,White,2,3,5,3,5,5,4,5,5,3,5,3,5,4,5,4,3,5,5,5,5,3,5,5,5,5,3,5,5,5,5,3,4,3,3,5,5,5,Control,authentic pride,1,1,234
male,White,3,2,3,1,3,6,4,3,3,2,4,3,5,5,4,5,4,5,5,5,6,3,5,6,6,6,2,3,5,5,3,2,4,3,3,5,5,6,Entitlement,authentic pride,0,0,235
female,White,2,4,4,4,4,4,4,4,4,1,4,4,1,4,7,4,4,2,4,7,2,4,4,4,4,4,4,5,6,6,4,1,1,1,1,4,1,1,Control,authentic pride,0,0,236
male,White,1,3,6,1,5,4,5,4,4,1,4,2,2,5,6,2,2,1,6,3,7,1,7,6,5,6,1,6,6,6,6,1,5,5,3,7,5,3,Control,hubristic pride,0,0,237
male,East Asian,3,2,7,5,7,6,3,6,5,1,1,1,2,1,1,1,6,1,5,7,6,5,5,7,6,7,2,4,7,6,1,6,1,2,1,6,6,5,Control,hubristic pride,0,0,238
female,Other,3,1,7,4,4,7,4,4,4,1,1,4,3,4,6,4,6,1,4,7,4,3,4,5,4,4,7,1,4,4,1,1,1,1,1,1,1,1,Control,authentic pride,0,0,239
male,White,3,6,6,4,6,4,6,7,5,2,4,5,6,4,4,4,3,5,3,7,7,5,3,4,4,4,5,1,7,1,2,5,3,1,1,5,1,4,Control,hubristic pride,0,0,240
male,White,1,2,3,2,2,6,5,3,6,2,5,2,3,4,6,4,3,4,2,7,4,3,3,5,7,4,5,5,6,6,4,2,3,1,2,5,5,6,Entitlement,authentic pride,0,0,241
female,White,1,1,1,1,2,5,1,1,2,1,1,1,2,2,7,2,2,1,3,5,3,5,2,5,5,5,3,5,7,5,5,2,4,2,2,5,6,6,Control,hubristic pride,0,0,242
female,White,1,2,2,2,4,5,2,3,2,1,2,2,2,2,7,2,7,1,3,6,3,4,3,5,4,6,6,5,4,3,5,4,3,2,1,6,6,2,Entitlement,hubristic pride,0,0,243
male,White,3,4,4,1,4,6,4,4,4,4,5,3,4,5,4,4,3,4,4,5,4,5,4,6,5,5,5,5,6,6,4,4,5,5,3,5,5,3,Control,hubristic pride,0,0,244
male,White,1,3,3,1,3,6,3,3,4,3,2,2,2,3,6,2,4,3,2,4,5,3,4,6,5,6,3,4,5,5,4,3,3,3,3,5,5,5,Entitlement,authentic pride,0,1,245
female,White,3,1,2,1,2,7,1,1,6,1,1,5,5,7,7,1,4,5,7,7,7,7,3,7,7,7,4,6,7,7,3,5,2,2,3,6,6,5,Control,hubristic pride,0,0,246
male,White,3,5,5,2,4,5,5,5,5,4,4,5,3,3,7,3,4,3,5,4,5,2,5,6,6,6,3,5,6,6,4,2,4,3,3,6,3,6,Entitlement,authentic pride,0,0,247
male,White,3,2,4,2,4,6,2,5,4,2,2,3,1,3,7,2,7,1,5,3,5,2,6,3,5,5,2,3,6,4,5,2,2,2,2,3,5,3,Entitlement,hubristic pride,0,0,248
male,White,1,2,4,2,2,7,3,5,4,2,3,3,3,3,5,5,6,5,4,5,4,6,5,5,5,5,6,3,6,5,5,1,2,1,1,4,4,5,Control,authentic pride,0,0,249
female,White,2,2,4,2,4,5,4,3,4,3,4,3,2,4,4,2,3,2,5,3,5,2,5,5,5,6,3,6,6,5,5,4,5,2,2,5,5,5,Control,hubristic pride,0,0,250
female,White,3,1,6,1,3,1,5,1,5,1,3,2,2,5,5,2,6,2,5,7,5,2,1,5,2,5,2,5,7,5,5,2,1,2,1,5,5,5,Control,authentic pride,0,0,251
male,White,1,3,3,4,4,7,2,2,5,2,4,5,5,5,6,5,4,5,6,4,6,1,7,7,7,7,1,5,6,5,6,5,4,4,2,5,5,3,Entitlement,authentic pride,0,0,252
female,White,2,1,4,4,4,7,4,4,4,1,1,2,1,2,7,1,5,1,4,7,4,3,4,4,4,6,4,4,4,4,4,1,1,1,1,1,1,2,Control,authentic pride,0,0,253
male,White,2,5,5,5,5,7,5,1,5,1,2,5,3,1,6,2,4,1,6,5,6,5,5,6,6,6,4,3,7,6,6,3,1,1,1,5,5,3,Entitlement,authentic pride,0,0,254
male,White,2,4,4,4,4,4,5,2,4,2,4,1,1,3,4,2,4,2,4,6,6,3,5,5,4,5,2,5,7,6,4,1,1,1,1,5,4,5,Entitlement,hubristic pride,0,0,255
male,White,1,3,6,2,2,7,5,5,6,1,3,4,3,4,5,2,4,2,5,7,6,2,5,6,6,6,2,6,7,7,7,1,1,1,1,6,3,3,Entitlement,authentic pride,0,1,256
female,White,1,1,4,1,4,7,1,1,2,1,2,2,2,4,6,2,2,1,3,4,3,6,4,5,6,6,2,1,6,1,3,1,1,1,1,2,1,1,Control,authentic pride,0,0,257
female,Black or African American,3,2,4,2,4,6,4,6,3,2,5,1,2,5,5,2,5,2,4,3,4,3,3,5,5,5,3,5,5,5,5,5,2,2,2,5,4,5,Entitlement,hubristic pride,1,1,258
male,White,2,6,5,3,4,5,4,5,5,4,2,4,5,5,6,3,5,3,6,3,5,3,7,5,7,6,3,5,7,7,3,2,6,6,4,5,7,5,Entitlement,hubristic pride,0,0,259
female,White,1,3,5,2,5,5,5,5,4,3,3,3,3,3,6,3,5,3,3,5,5,5,4,6,4,5,5,5,5,5,3,3,3,3,3,3,3,5,Entitlement,authentic pride,1,1,260
male,White,1,5,5,1,5,5,4,2,5,2,4,3,3,3,5,1,3,1,6,5,6,6,6,6,6,6,2,2,7,6,6,1,1,1,1,6,5,1,Entitlement,authentic pride,0,0,261
female,White,3,2,2,4,1,7,5,4,5,1,3,6,1,5,5,2,1,1,6,7,5,6,3,6,5,7,1,4,7,7,7,1,1,2,3,6,6,5,Control,authentic pride,0,0,262
female,White,3,4,5,5,5,5,6,5,6,5,7,6,6,6,5,5,6,6,5,5,5,5,6,5,6,5,4,5,5,5,4,4,5,4,4,6,4,4,Control,hubristic pride,0,0,263
male,White,3,6,7,1,7,1,7,7,7,7,5,4,5,5,5,3,3,1,6,5,6,3,6,7,6,7,3,7,7,7,6,1,1,1,1,5,5,2,Entitlement,hubristic pride,0,0,264
female,White,2,5,4,2,3,6,4,5,4,2,3,2,3,4,5,3,5,1,5,6,5,3,4,6,4,5,5,6,6,6,3,4,4,4,3,5,5,5,Control,hubristic pride,0,0,265
male,White,3,4,5,4,3,6,3,5,4,2,1,3,1,1,3,5,6,1,4,7,5,3,5,7,5,7,3,5,5,5,5,1,1,1,1,2,1,5,Control,authentic pride,1,1,266
male,East Asian,1,5,3,2,6,6,5,5,5,4,7,5,6,5,4,5,3,5,7,3,6,2,6,7,7,6,1,5,6,7,2,3,6,5,7,6,6,2,Entitlement,hubristic pride,0,0,267
male,White,3,7,7,7,7,2,7,7,7,7,7,7,6,7,5,7,1,3,7,5,7,1,7,7,7,7,7,5,7,5,5,1,1,2,1,1,2,2,Control,hubristic pride,0,0,268
male,White,2,4,6,4,6,7,4,4,4,4,4,4,4,3,4,3,4,4,4,4,4,3,4,4,4,4,4,2,6,3,3,2,3,2,3,3,2,3,Control,neither,0,1,269
female,White,1,3,5,2,3,6,5,4,5,3,5,3,2,4,7,4,5,3,5,5,7,2,6,7,6,7,1,6,6,7,5,5,5,5,3,5,6,5,Entitlement,hubristic pride,1,1,270
male,Black or African American,1,5,5,5,5,6,6,5,6,6,5,5,5,5,5,6,5,5,6,5,6,5,4,6,4,5,6,5,5,5,5,5,6,6,6,6,5,5,Entitlement,hubristic pride,0,1,271
male,Black or African American,2,5,6,5,5,3,6,6,6,5,6,3,5,2,6,5,5,5,6,3,5,3,7,6,6,6,1,5,6,6,5,2,6,2,2,6,5,5,Entitlement,hubristic pride,0,1,272
male,White,2,3,4,3,4,4,4,3,3,4,3,2,4,4,3,5,4,3,4,4,4,5,5,4,4,3,5,4,4,4,4,4,4,4,4,4,4,4,Control,neither,0,0,273
male,White,2,2,2,2,2,6,2,2,2,2,3,3,2,3,6,3,5,2,5,3,5,3,5,5,5,5,3,5,6,6,6,1,1,3,2,2,3,3,Control,authentic pride,0,0,274
female,White,1,1,4,1,1,7,3,3,2,1,6,2,1,2,6,2,6,2,2,6,2,7,2,5,2,6,6,3,7,6,6,1,1,2,1,1,2,1,Control,hubristic pride,0,0,275
female,White,2,2,5,4,7,6,5,5,6,2,4,2,2,4,5,3,5,1,5,5,7,3,5,5,6,6,3,6,6,6,5,4,2,1,3,3,3,5,Entitlement,authentic pride,1,1,276
female,White,1,1,4,2,3,7,3,2,4,2,2,3,3,4,3,3,6,1,5,5,2,5,4,4,4,6,3,6,7,7,6,2,2,2,2,6,5,5,Control,authentic pride,0,0,277
male,White,1,2,5,2,2,2,3,2,3,2,4,2,3,2,6,3,3,2,6,5,5,3,7,6,7,7,5,5,6,6,5,6,2,1,1,2,3,2,Entitlement,authentic pride,0,0,278
female,White,3,4,4,5,4,4,4,5,5,4,1,1,1,2,7,1,5,1,5,6,4,4,4,5,4,5,3,4,5,4,4,2,1,2,1,5,5,5,Control,hubristic pride,0,0,279
male,White,3,6,6,4,7,5,6,6,6,7,5,3,4,5,3,3,2,3,5,3,5,3,6,7,5,6,2,1,7,7,7,3,5,5,1,6,3,4,Entitlement,hubristic pride,0,0,280
male,White,2,5,6,1,4,5,3,5,5,3,3,3,4,6,5,5,3,3,5,6,4,5,5,6,6,4,5,3,5,2,5,2,3,1,3,4,4,2,Control,hubristic pride,0,0,281
female,White,3,4,5,2,6,5,4,4,5,4,3,4,3,2,2,3,4,3,4,5,5,3,4,4,5,5,6,2,2,4,2,2,5,4,5,5,2,2,Entitlement,hubristic pride,0,0,282
male,White,1,7,4,7,6,2,6,3,5,3,3,6,6,6,6,4,2,4,3,4,2,7,7,7,7,5,2,6,2,7,3,5,7,6,7,7,3,4,Entitlement,authentic pride,0,1,283
male,White,3,1,1,1,1,7,1,1,1,1,2,1,2,4,7,1,6,1,6,6,6,2,6,6,6,6,2,3,6,5,5,1,2,1,1,4,1,1,Entitlement,authentic pride,0,0,284
male,East Asian,3,4,6,3,3,4,6,5,6,4,5,3,3,5,6,5,2,3,6,5,5,2,6,6,6,6,2,4,5,5,5,5,3,3,2,5,4,2,Control,hubristic pride,0,0,285
male,White,2,3,5,2,5,5,4,4,5,3,4,4,5,6,4,3,4,5,6,6,5,5,5,7,6,5,1,4,5,6,6,5,5,5,2,5,3,3,Control,hubristic pride,0,0,286
female,White,2,4,7,5,5,5,5,5,6,2,3,4,1,5,6,3,5,1,3,5,5,3,7,7,6,6,3,5,7,7,3,3,1,1,1,5,3,4,Entitlement,authentic pride,1,1,287
male,White,1,3,5,3,4,6,4,3,5,2,5,5,5,5,6,5,5,3,4,6,5,5,4,5,5,5,3,5,6,5,5,3,3,2,3,5,5,5,Entitlement,hubristic pride,0,0,288
male,White,1,4,4,4,4,4,4,4,4,4,4,4,4,4,4,4,4,4,4,4,4,4,4,4,4,4,4,4,4,4,4,4,4,4,4,4,4,4,Entitlement,authentic pride,1,1,289
male,White,2,1,1,1,1,7,1,1,1,1,1,1,1,1,7,1,6,2,5,7,6,5,4,5,6,6,5,7,7,7,7,1,1,1,1,6,3,1,Control,authentic pride,0,0,290
female,White,2,4,4,1,4,7,4,4,4,1,3,1,5,2,4,1,1,1,7,4,7,4,4,7,7,7,1,7,7,7,7,1,1,1,1,1,4,4,Control,authentic pride,0,0,291
male,White,2,2,2,1,2,7,4,5,2,1,2,1,3,3,4,2,5,1,4,6,4,5,2,6,2,1,7,2,6,6,3,3,1,1,3,3,5,3,Control,hubristic pride,0,0,292
male,White,1,3,4,2,4,5,3,5,4,3,4,3,2,4,5,3,3,1,5,4,4,4,5,7,5,7,3,4,6,3,4,2,2,3,3,5,3,1,Entitlement,hubristic pride,0,1,293
female,White,2,1,1,1,1,7,1,1,1,1,1,1,1,1,7,1,1,1,1,7,7,7,1,7,7,7,1,7,7,7,7,1,1,1,1,4,6,1,Control,hubristic pride,0,0,294
male,White,3,1,4,1,4,7,4,1,4,1,4,2,4,4,5,2,4,1,5,5,5,3,6,5,5,5,2,5,6,5,2,2,4,5,1,6,5,3,Entitlement,hubristic pride,0,0,295
female,Black or African American,1,2,5,3,5,6,2,6,4,2,2,2,2,1,7,3,6,1,5,6,6,3,5,7,5,4,2,4,6,6,4,5,3,4,2,5,5,3,Control,hubristic pride,0,0,296
female,Other,1,4,5,3,4,5,4,4,5,4,3,4,4,5,4,4,4,2,4,4,6,5,6,6,5,6,5,5,6,6,4,5,4,4,2,5,5,5,Control,authentic pride,0,1,297
female,White,3,1,5,4,5,4,5,5,4,2,2,2,2,2,6,1,6,1,5,5,5,3,5,7,5,6,2,5,5,6,5,4,1,1,1,4,4,4,Control,authentic pride,0,0,298
male,White,2,7,7,7,7,1,7,7,7,7,5,6,3,7,6,7,3,6,5,7,1,7,7,7,7,6,7,6,6,7,6,1,4,6,1,2,4,5,Entitlement,authentic pride,0,0,299
female,White,1,1,5,3,5,7,5,5,5,2,3,3,1,1,5,3,6,2,3,1,4,2,5,7,6,7,1,6,7,6,6,2,5,1,1,3,5,5,Entitlement,authentic pride,0,0,300
male,White,1,6,6,5,5,5,7,4,5,5,4,4,6,4,4,7,6,4,6,6,5,5,3,4,4,5,5,4,5,5,6,7,4,5,5,5,6,4,Entitlement,hubristic pride,0,0,301
male,East Asian,1,6,6,4,6,5,5,6,5,6,6,6,5,6,5,4,6,6,5,6,6,3,4,3,6,5,6,4,5,4,5,5,6,5,6,6,6,6,Control,authentic pride,1,1,302
female,White,2,2,7,3,7,5,6,5,5,3,7,3,5,5,2,3,1,5,5,5,7,5,5,7,7,5,5,6,7,7,5,2,3,3,3,5,3,5,Entitlement,authentic pride,0,0,303
female,Other,1,4,3,4,4,5,5,5,3,3,5,4,5,5,3,4,3,6,5,5,2,6,4,5,5,3,5,5,5,5,6,1,2,2,2,5,4,5,Control,hubristic pride,0,0,304
male,White,2,1,1,4,1,7,1,1,1,1,1,4,5,5,5,4,3,4,4,5,4,6,3,4,3,4,5,3,5,1,2,2,1,1,2,2,2,1,Control,authentic pride,0,0,305
female,White,2,4,5,4,5,4,5,5,4,3,3,4,3,3,5,3,5,3,3,5,2,4,5,5,3,4,5,5,5,5,5,1,1,1,1,3,5,4,Control,authentic pride,0,1,306
female,White,3,3,4,2,5,6,3,4,6,2,5,3,2,2,5,3,6,2,5,5,6,3,5,7,5,5,3,5,7,6,5,1,1,2,1,2,2,1,Control,authentic pride,0,0,307
male,White,3,1,4,2,2,5,5,4,4,2,2,2,1,4,6,4,5,1,4,4,4,2,5,5,5,5,2,4,6,5,4,2,1,1,1,4,3,2,Entitlement,authentic pride,0,0,308
female,White,3,5,4,4,5,7,3,5,6,5,5,4,5,5,7,5,5,6,5,5,5,3,5,6,5,5,5,6,6,5,5,2,6,4,3,5,6,5,Entitlement,hubristic pride,0,0,309
female,White,1,2,5,2,4,5,4,4,3,3,2,2,2,4,5,1,3,1,5,3,6,5,5,5,5,6,2,4,7,2,5,2,2,2,1,5,5,4,Control,authentic pride,0,0,310
male,East Asian,2,4,4,4,4,4,4,4,4,4,4,4,4,4,4,4,4,4,4,4,4,4,4,4,4,4,4,4,4,4,4,4,4,4,4,4,4,4,Control,authentic pride,0,0,311
female,Black or African American,3,1,2,5,2,6,2,2,2,1,2,2,1,2,6,1,5,1,4,6,5,2,2,2,6,5,3,1,1,2,2,1,1,1,1,1,1,1,Control,hubristic pride,0,0,312
male,White,1,4,3,4,3,4,3,3,4,3,4,4,5,5,5,4,4,5,3,4,5,4,5,3,4,4,5,5,5,4,4,4,5,4,4,5,5,4,Control,hubristic pride,0,0,313
female,White,3,4,4,5,5,6,4,4,4,4,3,2,1,4,7,3,5,1,4,6,5,4,5,6,6,5,4,4,7,5,4,1,4,1,4,7,5,5,Control,authentic pride,0,0,314
male,White,1,4,4,4,4,4,4,4,4,4,4,4,4,4,4,4,4,4,4,4,4,4,4,4,4,4,4,4,4,4,4,4,4,4,4,4,4,4,Control,hubristic pride,0,0,315
female,White,3,1,4,1,4,7,1,2,4,1,1,2,1,1,4,1,7,1,4,7,4,5,4,7,7,6,5,5,7,6,1,5,2,1,1,5,1,4,Entitlement,hubristic pride,1,1,316
female,Black or African American,1,6,6,3,6,3,6,6,6,5,6,5,2,5,3,5,6,5,5,5,6,5,5,7,6,6,5,4,6,6,6,2,2,2,2,2,2,2,Entitlement,authentic pride,0,0,317
female,White,2,1,4,1,1,7,1,1,1,1,1,1,1,1,7,1,7,1,1,7,5,7,1,4,1,7,1,1,4,4,1,1,1,1,1,1,1,1,Entitlement,hubristic pride,0,0,318
male,White,1,7,7,7,7,1,7,7,7,7,6,7,7,6,6,5,1,6,7,5,7,3,6,6,6,7,6,7,7,6,6,7,7,7,7,7,7,7,Entitlement,authentic pride,0,0,319
female,White,2,3,4,4,5,5,3,3,5,3,4,3,3,3,3,5,3,2,4,5,5,3,5,6,5,5,4,5,5,5,5,5,2,5,2,5,6,5,Control,hubristic pride,0,0,320
female,White,3,1,7,6,3,4,5,5,6,3,4,6,5,5,3,6,1,2,5,2,3,1,7,7,7,7,2,7,6,6,5,5,3,3,2,5,6,3,Entitlement,neither,1,1,321
male,Other,2,5,5,1,5,6,5,2,5,3,2,3,2,4,6,6,6,2,6,6,6,2,5,6,6,6,6,6,6,6,6,2,2,2,2,6,5,5,Entitlement,hubristic pride,0,0,322
male,White,1,1,1,1,1,7,1,1,1,1,1,1,1,4,7,1,1,1,1,7,7,7,1,7,7,7,1,1,7,7,4,1,1,1,1,1,1,1,Control,authentic pride,0,0,323
male,Black or African American,1,4,5,3,5,3,5,5,5,4,5,4,5,5,6,6,5,5,6,6,5,5,5,6,7,4,5,6,5,5,5,5,3,4,4,5,6,5,Entitlement,authentic pride,0,0,324
male,White,3,1,1,1,1,7,1,1,1,1,1,1,1,1,7,2,5,1,5,6,4,3,5,5,6,5,6,3,7,7,6,1,2,1,1,5,5,2,Entitlement,authentic pride,0,0,325
female,White,2,2,3,1,2,3,2,1,2,2,3,2,2,2,7,2,5,1,4,3,5,3,5,5,5,6,1,5,6,5,7,2,2,3,2,3,4,2,Control,authentic pride,0,0,326
male,White,1,4,4,3,5,5,4,5,3,5,4,5,3,3,5,3,4,5,3,3,5,5,5,4,3,3,4,4,3,5,5,5,3,5,3,3,4,3,Control,hubristic pride,0,0,327
female,White,2,3,5,4,5,4,5,4,5,3,3,2,2,4,5,3,5,1,5,5,6,4,6,6,4,6,5,2,6,5,3,1,5,1,1,5,4,4,Control,hubristic pride,0,0,328
female,White,1,3,6,4,4,4,5,4,5,4,5,4,4,5,4,4,4,5,5,4,4,3,4,4,4,4,5,4,4,5,3,6,1,4,1,4,3,1,Control,authentic pride,0,1,329
male,White,1,2,5,4,3,7,3,5,5,3,1,4,2,2,7,1,6,1,5,4,7,3,5,4,4,7,3,4,7,4,2,5,3,4,5,6,6,5,Entitlement,hubristic pride,0,0,330
male,White,1,2,4,1,3,6,4,5,3,3,2,3,4,3,5,3,6,1,3,5,6,3,4,5,5,5,3,4,7,7,5,1,1,1,1,2,2,4,Control,hubristic pride,0,0,331
male,White,1,3,3,3,3,6,3,2,3,3,3,5,1,2,6,2,5,1,5,2,5,3,6,6,6,7,3,7,7,5,7,4,5,4,6,6,6,5,Control,authentic pride,0,0,332
male,White,3,2,6,3,5,6,6,6,6,2,6,2,4,5,6,4,3,5,7,6,6,5,6,6,7,7,5,6,6,6,6,2,5,3,1,3,5,6,Control,authentic pride,0,1,333
female,White,3,3,6,6,7,2,6,4,5,4,1,2,2,1,6,1,7,1,2,5,4,6,3,3,2,3,3,5,7,4,6,1,1,1,1,6,6,6,Control,authentic pride,0,1,334
female,White,1,6,7,5,6,7,5,2,7,5,6,3,5,5,7,4,6,6,7,6,5,5,7,3,6,6,3,5,6,4,6,5,5,2,5,5,6,7,Entitlement,authentic pride,0,1,335
female,White,2,3,6,3,6,7,6,3,5,2,3,5,3,3,5,2,3,3,5,6,6,3,6,7,7,7,5,6,7,7,3,1,6,5,2,5,6,5,Entitlement,hubristic pride,0,0,336
female,White,1,3,5,3,3,3,3,6,5,3,3,2,3,3,3,3,5,1,4,3,5,3,5,6,2,7,2,6,6,5,5,2,3,2,2,3,5,2,Control,hubristic pride,0,0,337
male,White,1,6,6,3,6,3,6,7,5,6,4,3,6,5,6,2,2,5,4,7,4,3,7,7,7,7,6,2,7,6,4,2,5,3,1,5,1,1,Control,hubristic pride,0,0,338
male,White,3,6,6,1,7,2,6,6,7,5,1,1,2,3,7,1,5,1,5,7,3,6,6,7,7,7,7,1,3,3,1,5,5,1,2,5,6,3,Entitlement,hubristic pride,0,0,339
female,White,3,1,4,1,2,5,1,1,2,2,2,1,1,1,7,2,6,1,4,6,3,6,3,4,6,4,5,5,6,2,5,2,1,2,2,5,5,6,Control,authentic pride,0,0,340
male,Black or African American,2,3,4,4,5,5,4,4,4,4,4,6,3,3,5,3,6,4,4,7,5,6,5,4,4,6,5,6,3,6,4,5,4,6,7,4,4,6,Entitlement,authentic pride,0,0,341
female,White,1,1,1,1,1,7,1,1,1,1,6,1,1,1,7,1,1,1,1,7,1,2,5,5,7,7,5,7,7,7,5,1,1,1,1,5,5,6,Control,authentic pride,0,0,342
female,White,3,1,7,1,7,7,7,7,7,1,5,5,1,7,7,1,5,3,4,7,7,7,7,7,7,7,7,7,7,7,6,1,1,1,1,5,5,5,Entitlement,authentic pride,0,1,343
female,White,3,1,5,1,6,6,1,5,5,1,1,1,3,1,6,1,5,1,5,7,3,5,6,6,5,6,6,1,7,5,7,1,1,1,1,2,3,1,Control,authentic pride,0,1,344
female,White,3,2,5,2,4,7,3,5,5,1,5,2,1,2,4,4,5,1,6,2,6,1,6,7,7,7,1,5,7,7,6,1,3,4,3,7,6,6,Entitlement,hubristic pride,0,0,345
female,Black or African American,2,2,7,1,6,7,1,1,1,1,1,1,1,1,7,1,7,1,4,7,7,5,3,5,2,5,6,1,7,4,1,1,1,1,1,5,5,1,Entitlement,authentic pride,0,0,346
female,White,2,4,6,7,6,2,6,4,7,6,2,5,4,2,5,1,4,1,4,6,6,6,5,7,5,4,3,5,5,5,3,3,4,6,4,6,3,5,Entitlement,authentic pride,0,0,347
female,White,2,1,2,2,5,6,2,2,2,1,1,1,1,1,7,1,3,1,1,5,1,3,5,5,6,7,1,7,6,1,5,1,3,3,1,5,6,5,Control,authentic pride,1,0,348
male,White,3,3,7,7,7,5,4,7,7,1,3,3,5,3,5,4,4,3,4,6,5,3,5,6,7,6,6,3,7,7,4,5,5,3,1,5,1,5,Entitlement,hubristic pride,0,0,349
female,White,3,3,6,3,4,6,4,4,6,4,1,1,1,1,6,1,4,1,1,7,4,6,4,5,5,4,7,5,7,7,7,1,1,1,1,1,1,1,Control,authentic pride,1,1,350
male,White,1,2,3,1,1,7,3,2,2,3,3,2,3,4,6,2,6,2,5,7,2,6,5,7,6,6,5,3,5,5,4,1,5,2,2,6,6,5,Control,authentic pride,0,0,351
female,White,1,5,4,2,4,5,3,5,4,3,3,4,5,4,5,3,4,3,4,4,4,5,5,3,4,5,5,5,4,6,5,5,4,5,3,5,5,3,Control,authentic pride,0,0,352
female,White,3,1,4,4,1,7,4,4,4,1,1,1,2,3,7,1,7,1,4,7,6,3,4,6,6,7,1,1,5,6,1,1,2,1,1,5,6,5,Control,neither,0,1,353
male,White,1,4,4,4,4,6,4,4,4,3,4,4,4,4,4,4,4,5,4,4,4,5,4,4,5,5,5,4,5,5,3,3,3,3,3,4,3,3,Control,hubristic pride,0,1,354
male,White,1,1,6,1,3,7,5,1,4,5,7,7,6,6,4,7,7,7,7,2,7,1,7,7,7,7,1,6,7,6,4,1,3,1,1,4,7,1,Control,authentic pride,0,0,355
male,White,1,5,6,5,4,3,3,4,5,6,4,3,6,5,2,4,2,6,5,3,5,1,5,5,6,5,4,6,5,5,6,5,4,3,5,5,4,4,Control,authentic pride,0,1,356
female,White,2,1,4,4,4,4,3,4,4,1,1,1,1,1,6,1,7,1,4,4,5,3,5,4,5,6,1,1,5,1,5,1,1,1,1,5,4,3,Control,authentic pride,0,0,357
female,White,1,6,6,2,6,5,5,5,5,1,6,5,6,6,1,5,7,7,6,2,6,1,7,7,7,7,1,7,7,6,5,6,5,2,5,6,7,7,Entitlement,hubristic pride,0,0,358
male,Other,1,5,5,5,5,3,5,5,5,5,5,5,5,5,3,5,3,5,5,3,5,3,5,5,5,5,3,5,5,5,4,5,5,5,5,5,5,5,Entitlement,hubristic pride,0,0,359
male,East Asian,1,6,6,3,6,5,5,7,7,4,4,5,5,3,4,3,3,2,3,2,6,5,6,5,4,5,2,6,7,6,5,2,5,2,1,6,6,6,Entitlement,hubristic pride,0,0,360
female,White,2,1,6,1,6,6,3,5,7,1,1,1,1,1,7,1,7,1,4,7,6,3,1,6,1,7,6,1,1,5,1,1,5,1,1,6,6,1,Control,hubristic pride,0,0,361
male,White,1,3,5,3,5,5,3,5,6,3,3,5,2,3,5,3,5,2,5,5,5,3,6,6,5,5,5,5,6,5,5,2,2,2,3,3,3,3,Control,authentic pride,0,0,362
female,White,1,5,5,4,5,3,6,6,5,4,3,3,2,2,5,4,5,1,3,5,7,4,2,6,6,5,5,4,6,5,3,2,4,2,3,5,3,3,Entitlement,hubristic pride,0,0,363
female,White,1,2,2,4,3,6,5,2,3,2,1,5,2,2,6,2,2,1,5,6,3,3,4,6,2,7,2,6,7,2,6,2,2,1,2,3,6,6,Control,authentic pride,0,0,364
female,White,1,2,5,2,1,6,2,2,3,1,6,5,1,5,4,2,5,1,5,4,6,2,2,7,5,7,7,6,7,3,6,5,4,5,2,6,6,5,Entitlement,authentic pride,0,0,365
female,White,2,1,1,1,4,7,1,2,2,1,1,1,1,1,1,1,4,1,3,7,6,5,1,6,6,7,2,3,6,6,6,1,1,3,3,5,5,5,Entitlement,hubristic pride,1,1,366
female,White,2,1,4,1,2,7,1,1,4,1,1,1,1,1,7,1,7,1,2,7,4,1,5,5,4,5,3,3,6,5,5,1,1,1,1,3,5,4,Control,authentic pride,0,0,367
male,White,1,2,4,2,3,6,2,5,4,3,5,3,4,5,4,4,4,4,5,4,6,3,5,6,6,5,3,5,6,4,6,1,1,1,1,4,5,3,Control,authentic pride,0,0,368
male,White,1,4,7,4,7,7,7,5,7,7,5,5,5,6,6,5,5,6,6,7,7,5,7,7,7,6,5,4,6,5,4,4,6,6,6,7,6,5,Entitlement,hubristic pride,0,0,369
female,White,2,1,1,1,3,7,2,2,1,1,1,5,1,1,7,2,7,1,1,7,1,2,1,2,2,5,2,6,6,5,4,6,5,5,5,6,6,7,Control,hubristic pride,0,0,370
male,White,1,3,6,1,6,5,7,7,6,3,4,5,3,5,5,5,4,4,6,7,6,3,5,6,5,5,5,1,1,3,1,1,1,1,2,2,1,2,Entitlement,authentic pride,0,0,371
male,Other,1,5,6,2,6,4,5,7,3,5,2,5,5,6,7,3,5,3,7,2,7,5,6,7,6,6,3,5,7,6,6,2,3,2,3,5,5,3,Entitlement,authentic pride,0,0,372
male,White,2,1,2,2,2,6,2,3,4,1,2,3,2,2,6,3,6,1,3,7,3,2,6,6,5,5,6,5,6,6,5,2,2,1,1,3,5,3,Entitlement,authentic pride,0,1,373
female,Black or African American,2,3,5,2,4,6,3,6,5,3,5,3,3,6,2,5,3,5,4,6,6,1,5,6,6,6,6,6,7,7,7,2,2,1,5,5,5,5,Control,hubristic pride,0,0,374
female,Black or African American,1,2,6,4,4,6,5,7,4,3,2,1,2,3,7,3,6,4,6,1,2,2,7,6,5,5,1,6,6,6,5,4,4,2,5,5,6,5,Entitlement,authentic pride,0,0,375
male,White,3,3,5,3,3,6,3,3,5,3,3,2,2,2,6,2,5,2,5,5,3,6,5,2,5,5,6,3,6,5,5,2,2,2,2,3,2,2,Control,hubristic pride,0,0,376
female,White,3,2,2,2,4,6,2,2,2,2,5,2,2,5,6,2,5,2,5,5,6,2,6,6,6,6,5,5,6,6,6,2,2,2,2,2,2,2,Entitlement,authentic pride,0,0,377
male,White,1,4,6,5,5,2,2,2,4,3,6,6,4,6,3,5,2,2,6,6,6,3,7,7,6,6,4,4,7,7,6,1,2,2,2,2,5,3,Control,hubristic pride,0,0,378
male,White,3,5,6,5,5,5,6,5,5,6,5,5,6,6,5,4,5,5,5,5,5,6,5,5,5,6,5,5,6,5,5,5,3,5,4,6,5,5,Entitlement,authentic pride,0,0,379
male,White,2,6,6,6,6,2,6,6,6,6,6,5,5,5,3,6,3,5,5,3,6,3,5,6,6,5,3,5,5,5,5,5,5,5,3,6,5,5,Entitlement,authentic pride,0,0,380
male,White,3,3,5,2,3,6,4,3,5,3,2,1,2,2,7,2,7,1,4,7,5,5,5,5,5,5,5,3,6,5,5,5,3,2,1,5,5,5,Control,authentic pride,0,0,381
male,Other,3,6,7,7,6,5,7,6,6,6,6,6,4,6,6,5,4,1,5,6,6,5,5,6,5,5,4,5,6,5,5,5,4,4,5,1,1,1,Entitlement,authentic pride,0,1,382
female,White,3,3,6,2,5,4,5,6,5,4,3,3,2,3,3,3,5,2,3,5,4,3,6,6,6,5,2,5,7,5,7,2,5,2,2,6,6,6,Entitlement,hubristic pride,0,0,383
male,White,2,5,4,3,5,3,4,4,5,4,4,3,3,4,3,3,4,4,5,4,3,5,5,4,5,5,5,4,5,4,3,5,4,5,5,3,3,5,Entitlement,authentic pride,0,0,384
male,White,3,1,1,1,1,7,2,5,1,1,5,2,1,6,7,1,2,1,5,7,4,6,5,7,6,6,6,5,6,5,5,1,1,1,1,1,2,2,Control,authentic pride,0,0,385
female,Other,1,3,3,1,5,6,3,6,5,2,5,2,2,3,5,3,3,2,2,3,6,3,5,1,3,5,2,2,5,5,5,5,2,3,2,2,5,3,Entitlement,authentic pride,0,0,386
female,White,2,3,5,3,5,5,3,3,4,3,3,3,2,3,6,2,5,3,5,6,6,3,6,6,5,5,5,5,6,7,5,1,1,1,1,5,5,6,Control,authentic pride,0,0,387
female,White,3,2,5,2,5,5,4,3,5,2,2,2,2,3,6,2,5,2,3,6,4,5,3,3,4,5,5,4,6,5,4,2,2,2,2,4,3,5,Entitlement,hubristic pride,0,0,388
male,Black or African American,1,4,4,5,3,3,5,5,5,4,3,5,3,5,5,6,4,5,4,6,5,6,5,2,3,3,6,4,4,3,4,4,2,6,6,5,6,5,Control,authentic pride,0,0,389
female,White,2,3,3,4,3,5,3,3,4,3,3,4,3,3,5,3,5,3,4,3,4,3,4,5,5,5,3,5,5,5,5,3,3,3,3,5,5,5,Entitlement,hubristic pride,0,0,390
female,White,2,2,5,3,4,6,5,5,4,2,4,4,1,4,7,2,4,1,5,6,3,3,4,5,5,5,3,4,6,6,2,5,5,4,2,6,4,5,Entitlement,hubristic pride,1,1,391
male,White,3,1,1,1,1,7,1,1,1,1,4,1,1,4,6,1,4,1,4,4,2,4,4,6,6,6,7,6,7,7,6,1,1,1,1,6,6,6,Control,authentic pride,0,0,392
female,White,3,2,2,1,1,7,2,4,4,2,2,2,1,2,6,2,6,1,2,7,3,4,4,2,3,1,1,4,4,4,4,5,5,4,1,4,6,5,Control,hubristic pride,0,0,393
female,White,1,4,4,4,4,4,4,4,4,4,4,4,4,4,4,4,4,4,4,4,4,4,4,4,4,4,4,4,4,4,4,4,4,4,4,4,4,4,Entitlement,authentic pride,0,1,394
female,Other,2,5,5,5,6,3,7,5,5,5,6,5,3,5,6,5,3,2,5,5,5,5,5,5,5,6,2,6,6,5,6,2,2,1,2,5,5,5,Entitlement,authentic pride,0,0,395
female,White,1,4,4,4,4,5,4,3,4,4,4,3,3,3,5,4,4,4,4,5,5,3,5,5,5,5,4,5,6,6,5,4,5,3,5,5,4,5,Control,hubristic pride,0,0,396
male,White,2,1,3,2,2,6,2,3,5,1,2,5,2,2,7,1,6,2,5,6,6,3,6,7,7,6,6,5,6,5,5,5,5,6,5,6,6,6,Control,hubristic pride,0,0,397
male,Other,2,1,4,1,7,7,3,2,4,1,1,2,4,4,5,1,7,1,4,7,4,7,5,7,5,6,4,1,1,1,1,1,1,1,1,1,1,1,Entitlement,hubristic pride,1,1,398
male,White,2,1,7,1,7,7,7,7,4,7,5,1,3,5,7,1,1,1,3,7,7,4,7,7,7,5,5,1,7,7,1,1,1,1,1,1,1,1,Entitlement,authentic pride,1,0,399
male,White,2,4,5,2,4,6,3,4,4,2,4,3,2,4,6,3,4,3,6,4,5,3,6,6,6,6,1,5,4,5,3,3,5,2,5,6,6,5,Control,hubristic pride,0,0,400
female,White,3,1,4,2,2,6,2,3,4,1,2,2,2,4,6,2,6,2,2,6,4,6,2,4,4,5,3,3,5,2,2,2,2,2,2,5,5,3,Control,hubristic pride,0,0,401
female,White,3,1,5,1,4,6,1,1,2,1,1,1,1,1,7,1,7,1,5,7,5,2,6,6,4,5,3,1,7,5,4,1,1,1,1,2,2,1,Entitlement,authentic pride,1,1,402
female,Black or African American,3,4,7,1,6,1,2,1,5,4,4,2,1,1,1,1,5,1,5,3,6,3,7,6,5,6,4,1,1,7,1,1,1,1,1,1,1,1,Entitlement,authentic pride,0,0,403
female,White,3,7,7,7,7,4,7,7,4,7,1,1,1,1,4,1,7,1,7,7,1,4,4,7,7,7,4,7,7,7,7,4,1,4,4,7,1,7,Entitlement,authentic pride,0,0,404
female,White,3,1,4,2,3,7,1,5,4,1,3,2,6,1,7,1,7,1,7,7,5,7,7,7,7,5,5,3,7,3,7,5,3,1,3,7,5,7,Entitlement,hubristic pride,0,0,405
female,Black or African American,1,1,7,1,5,7,4,1,5,1,1,3,1,1,7,1,7,1,2,3,4,6,4,5,4,7,6,7,7,7,1,7,2,7,4,7,3,7,Entitlement,authentic pride,1,1,406
male,Other,1,5,5,4,5,3,4,6,5,4,4,2,3,4,4,4,3,4,5,6,6,7,4,4,6,7,4,4,4,6,4,3,2,5,5,5,4,5,Control,hubristic pride,0,0,407
female,Black or African American,2,2,5,1,5,7,2,6,1,1,1,1,1,1,7,1,6,2,4,7,2,3,2,5,6,5,2,5,7,7,6,6,1,1,1,5,3,2,Entitlement,hubristic pride,0,0,408
male,White,2,1,1,1,1,7,1,1,1,1,1,1,1,1,7,1,7,1,1,7,1,7,1,1,7,7,7,7,7,7,7,7,1,1,1,1,1,1,Control,authentic pride,0,0,409
male,White,3,5,5,3,5,5,5,5,6,5,7,5,7,7,6,5,5,5,6,3,5,5,6,6,5,7,3,3,5,3,5,5,4,3,5,5,3,1,Entitlement,hubristic pride,0,0,410
female,White,1,1,4,3,4,6,2,4,4,3,4,4,2,4,6,3,4,3,6,4,5,3,7,6,6,5,1,5,7,5,5,3,3,2,1,5,7,5,Entitlement,authentic pride,1,1,411
male,White,1,1,4,2,1,6,2,4,2,3,2,2,2,4,6,1,5,4,3,6,5,4,5,5,7,7,4,6,7,5,7,1,2,3,2,6,7,4,Control,hubristic pride,0,0,412
female,White,3,3,4,3,5,7,4,5,4,3,2,2,1,3,6,2,6,2,4,5,5,3,6,7,5,5,5,5,6,6,6,2,1,2,1,5,3,5,Entitlement,authentic pride,0,0,413
male,White,3,3,5,1,3,7,5,5,6,1,4,1,2,5,7,4,5,3,5,6,5,4,5,7,7,6,6,1,6,1,3,1,3,1,1,5,2,4,Entitlement,hubristic pride,0,0,414
female,White,2,5,6,6,6,3,6,6,5,5,3,3,3,3,5,3,5,1,6,6,5,3,6,6,5,6,1,6,7,6,6,3,5,3,2,5,6,6,Entitlement,hubristic pride,0,0,415
female,White,3,4,4,3,5,6,3,5,4,3,4,3,5,5,4,4,6,4,5,5,5,5,5,5,6,6,5,5,6,6,5,2,2,3,2,5,5,2,Entitlement,authentic pride,0,0,416
female,White,2,2,4,3,3,5,3,4,3,3,2,3,2,4,2,2,5,2,5,5,6,3,5,6,5,5,2,5,5,5,5,3,2,3,3,3,5,3,Control,authentic pride,0,0,417
female,White,2,1,4,2,5,6,3,2,5,4,3,1,2,5,5,2,2,5,6,5,3,2,6,7,6,6,2,6,6,6,6,3,1,2,3,6,5,5,Entitlement,hubristic pride,1,1,418
female,White,3,2,4,1,2,7,1,1,4,2,1,2,1,2,6,2,6,2,3,4,3,4,2,5,2,4,3,6,6,3,6,4,4,5,3,6,6,6,Control,authentic pride,0,0,419
female,White,3,3,4,3,3,7,3,4,6,3,4,3,2,4,5,3,5,1,5,5,5,3,5,5,5,6,2,5,6,6,6,7,5,5,5,7,5,4,Control,hubristic pride,0,0,420
